{
  "layer": 10,
  "probe_type": "last",
  "train_acc": 0.9995,
  "val_acc": 0.574,
  "test_acc": 0.554,
  "train_logloss": 0.0015680044596307965,
  "val_logloss": 6.561794612070149,
  "test_logloss": 6.94952611970721
}