{
  "layer": 25,
  "probe_type": "last",
  "train_acc": 0.9995,
  "val_acc": 0.59,
  "test_acc": 0.591,
  "train_logloss": 0.000864750171311478,
  "val_logloss": 7.380253271912453,
  "test_logloss": 7.577105391734807
}